,Level,Kills,Deaths,Assists,CS,CS in Team's Jungle,CSM,Golds,GPM,GOLD%,Vision Score,Wards placed,Wards destroyed,Control Wards Purchased,Detector Wards Placed,VSPM,WPM,VWPM,WCPM,VS%,Total damage to Champion,Physical Damage,Magic Damage,True Damage,DPM,DMG%,K+A Per Minute,KP%,Solo kills,Double kills,Triple kills,Quadra kills,Penta kills,GD@15,CSD@15,XPD@15,LVLD@15,Objectives Stolen,Damage dealt to turrets,Damage dealt to buildings,Total heal,Total Heals On Teammates,Damage self mitigated,Total Damage Shielded On Teammates,Time ccing others,Total Time CC Dealt,Total damage taken,Total Time Spent Dead,Consumables purchased,Items Purchased,P value
kingen,18.0,6.0,3.0,6.0,269.0,27.0,6.4,15346.0,364.0,20.5,57.0,15.0,18.0,12.0,12.0,1.35,0.36,0.28,0.43,13.6,27392.0,26129.0,0.0,1263.0,650.0,31.1,0.28,63.2,2.0,0.0,0.0,0.0,0.0,637.0,22.0,1872.0,2.0,0.0,966.0,966.0,21444.0,0.0,61310.0,0.0,20.0,189.0,40472.0,150.0,13.0,35.0,9.425
kingen,16.0,5.0,0.0,5.0,231.0,44.0,8.0,13335.0,464.0,24.4,34.0,9.0,7.0,6.0,6.0,1.18,0.31,0.21,0.24,14.3,24991.0,24940.0,51.0,0.0,870.0,33.0,0.35,71.4,0.0,1.0,0.0,0.0,0.0,1075.0,16.0,1149.0,1.0,0.0,4498.0,4498.0,11155.0,0.0,25631.0,0.0,21.0,220.0,17557.0,0.0,7.0,26.0,9.425
kingen,14.0,0.0,3.0,5.0,200.0,4.0,6.2,9004.0,280.0,16.7,40.0,22.0,7.0,12.0,12.0,1.24,0.68,0.37,0.22,16.7,16293.0,4110.0,8744.0,3439.0,506.0,24.6,0.16,41.7,0.0,0.0,0.0,0.0,0.0,-397.0,14.0,38.0,0.0,0.0,0.0,0.0,1291.0,0.0,28130.0,0.0,36.0,1166.0,29490.0,108.0,13.0,31.0,0.0
kingen,18.0,4.0,3.0,10.0,350.0,37.0,7.6,17288.0,374.0,21.5,57.0,16.0,24.0,16.0,12.0,1.23,0.35,0.35,0.52,14.9,19713.0,11908.0,1210.0,6595.0,427.0,17.8,0.3,82.4,1.0,0.0,0.0,0.0,0.0,-104.0,2.0,516.0,1.0,0.0,6160.0,6160.0,21956.0,0.0,62012.0,0.0,17.0,236.0,46490.0,150.0,17.0,38.0,9.425
kingen,15.0,3.0,2.0,1.0,219.0,0.0,7.0,10355.0,332.0,20.6,28.0,9.0,7.0,7.0,6.0,0.9,0.29,0.22,0.22,12.8,12762.0,12762.0,0.0,0.0,409.0,23.9,0.13,80.0,0.0,0.0,0.0,0.0,0.0,-711.0,-14.0,-301.0,-1.0,0.0,0.0,0.0,8082.0,0.0,24014.0,0.0,13.0,136.0,20355.0,78.0,8.0,23.0,0.0
kingen,17.0,1.0,2.0,9.0,226.0,3.0,6.0,12606.0,333.0,18.1,35.0,14.0,7.0,11.0,10.0,0.93,0.37,0.29,0.19,9.8,16105.0,1889.0,13797.0,419.0,426.0,19.8,0.26,66.7,0.0,0.0,0.0,0.0,0.0,-970.0,-14.0,-299.0,0.0,0.0,2445.0,2445.0,8263.0,0.0,27791.0,0.0,31.0,1015.0,17635.0,88.0,13.0,29.0,9.425
kingen,16.0,4.0,1.0,6.0,216.0,7.0,7.2,12032.0,399.0,20.3,32.0,24.0,4.0,15.0,14.0,1.06,0.8,0.5,0.13,14.2,12519.0,3647.0,8450.0,422.0,415.0,20.4,0.33,50.0,1.0,0.0,0.0,0.0,0.0,1107.0,10.0,417.0,1.0,0.0,5222.0,5222.0,4101.0,0.0,29112.0,0.0,32.0,1241.0,21029.0,21.0,16.0,34.0,9.425
kingen,18.0,2.0,1.0,4.0,273.0,6.0,6.9,13554.0,344.0,19.3,58.0,25.0,13.0,20.0,20.0,1.47,0.63,0.51,0.33,16.9,14987.0,1909.0,12658.0,420.0,381.0,21.5,0.15,66.7,0.0,1.0,0.0,0.0,0.0,-592.0,-14.0,-653.0,-1.0,0.0,456.0,456.0,16836.0,0.0,36422.0,0.0,37.0,551.0,28889.0,0.0,22.0,43.0,9.425
kingen,15.0,1.0,2.0,1.0,227.0,14.0,7.7,9655.0,326.0,21.5,25.0,6.0,6.0,3.0,2.0,0.84,0.2,0.1,0.2,13.1,5170.0,3581.0,356.0,1233.0,174.0,12.3,0.07,100.0,0.0,0.0,0.0,0.0,0.0,-744.0,-18.0,-855.0,0.0,0.0,2564.0,2564.0,2554.0,0.0,12678.0,0.0,5.0,143.0,14225.0,97.0,4.0,20.0,0.0
kingen,18.0,2.0,1.0,3.0,346.0,35.0,9.1,15216.0,402.0,20.7,39.0,16.0,13.0,14.0,12.0,1.03,0.42,0.37,0.34,13.1,16129.0,9356.0,1781.0,4992.0,426.0,15.2,0.13,27.8,0.0,0.0,0.0,0.0,0.0,-673.0,12.0,296.0,0.0,0.0,3237.0,3237.0,13826.0,1605.0,32791.0,0.0,7.0,112.0,26272.0,61.0,15.0,38.0,9.425
kingen,18.0,6.0,5.0,6.0,275.0,41.0,7.1,16234.0,419.0,22.5,54.0,15.0,14.0,11.0,11.0,1.4,0.39,0.28,0.36,12.8,27535.0,13629.0,1384.0,12522.0,711.0,25.1,0.31,66.7,0.0,1.0,0.0,0.0,0.0,-80.0,-9.0,-405.0,-1.0,0.0,11862.0,11862.0,10683.0,0.0,41542.0,0.0,24.0,301.0,36962.0,248.0,12.0,30.0,9.425
kingen,18.0,1.0,2.0,3.0,326.0,34.0,7.8,14928.0,355.0,19.5,35.0,12.0,14.0,5.0,5.0,0.83,0.29,0.12,0.33,10.0,13678.0,13472.0,0.0,206.0,326.0,18.1,0.1,44.4,0.0,0.0,0.0,0.0,0.0,151.0,13.0,82.0,0.0,0.0,2435.0,2435.0,12847.0,0.0,39244.0,0.0,18.0,275.0,35180.0,45.0,6.0,22.0,9.425
kingen,18.0,3.0,4.0,5.0,293.0,44.0,6.9,15819.0,373.0,20.4,43.0,17.0,5.0,13.0,12.0,1.01,0.4,0.31,0.12,12.0,21699.0,21585.0,0.0,114.0,511.0,19.3,0.19,72.7,0.0,0.0,0.0,0.0,0.0,58.0,21.0,416.0,0.0,0.0,4996.0,4996.0,16263.0,0.0,54307.0,0.0,25.0,200.0,36547.0,92.0,14.0,37.0,0.0
kingen,17.0,3.0,2.0,1.0,282.0,19.0,8.1,13966.0,399.0,23.1,40.0,11.0,10.0,6.0,6.0,1.14,0.31,0.17,0.29,11.4,11770.0,7649.0,1392.0,2729.0,336.0,16.6,0.11,44.4,1.0,0.0,0.0,0.0,0.0,-1175.0,-35.0,-441.0,0.0,0.0,12257.0,12257.0,9552.0,213.0,25063.0,0.0,5.0,140.0,30137.0,107.0,7.0,27.0,0.0
kingen,14.0,3.0,3.0,7.0,165.0,4.0,6.7,9156.0,370.0,18.4,16.0,6.0,1.0,2.0,1.0,0.65,0.24,0.08,0.04,9.9,14281.0,8293.0,1011.0,4977.0,577.0,28.6,0.4,62.5,0.0,0.0,0.0,0.0,0.0,-1591.0,-15.0,-185.0,0.0,0.0,2539.0,2539.0,3623.0,0.0,19099.0,0.0,15.0,123.0,20841.0,69.0,3.0,18.0,9.425
kingen,15.0,0.0,5.0,2.0,201.0,5.0,5.9,9505.0,279.0,17.4,20.0,9.0,4.0,4.0,4.0,0.59,0.26,0.12,0.12,6.7,16337.0,1209.0,15128.0,0.0,479.0,25.5,0.06,66.7,0.0,0.0,0.0,0.0,0.0,-651.0,-28.0,-1215.0,-1.0,0.0,1141.0,1141.0,6999.0,0.0,26118.0,0.0,78.0,1541.0,26850.0,185.0,6.0,24.0,0.0
kingen,17.0,4.0,0.0,10.0,275.0,24.0,8.7,14212.0,451.0,21.7,37.0,12.0,9.0,8.0,8.0,1.17,0.38,0.25,0.29,13.8,21125.0,21071.0,0.0,54.0,671.0,22.7,0.44,73.7,1.0,2.0,0.0,0.0,0.0,1083.0,11.0,761.0,0.0,0.0,5363.0,5363.0,15642.0,0.0,33590.0,0.0,18.0,372.0,25656.0,0.0,10.0,27.0,9.425
kingen,17.0,3.0,1.0,7.0,266.0,32.0,8.8,13416.0,444.0,21.1,22.0,7.0,3.0,3.0,3.0,0.73,0.23,0.1,0.1,8.9,13651.0,13651.0,0.0,0.0,451.0,21.0,0.33,50.0,0.0,0.0,0.0,0.0,0.0,594.0,16.0,549.0,1.0,0.0,5117.0,5117.0,9728.0,0.0,26029.0,0.0,12.0,130.0,18309.0,49.0,4.0,20.0,9.425
kingen,14.0,3.0,1.0,6.0,169.0,12.0,7.2,8835.0,377.0,18.8,14.0,9.0,4.0,6.0,6.0,0.6,0.38,0.26,0.17,7.5,10576.0,4072.0,6504.0,0.0,451.0,26.9,0.38,60.0,1.0,0.0,0.0,0.0,0.0,798.0,-5.0,331.0,0.0,0.0,1560.0,1560.0,239.0,0.0,17572.0,0.0,28.0,942.0,11793.0,42.0,7.0,28.0,9.425
kingen,17.0,2.0,0.0,5.0,282.0,40.0,9.4,12639.0,420.0,20.4,28.0,10.0,7.0,7.0,6.0,0.93,0.33,0.23,0.23,9.3,11269.0,9696.0,1573.0,0.0,375.0,22.4,0.23,46.7,0.0,0.0,0.0,0.0,0.0,1313.0,35.0,794.0,1.0,0.0,6540.0,6540.0,4626.0,0.0,15827.0,0.0,15.0,373.0,17242.0,0.0,10.0,25.0,9.425
kingen,16.0,1.0,5.0,4.0,242.0,20.0,6.7,11367.0,314.0,19.4,33.0,13.0,6.0,11.0,9.0,0.91,0.36,0.3,0.17,12.3,14661.0,8378.0,5330.0,953.0,406.0,20.2,0.14,50.0,0.0,0.0,0.0,0.0,0.0,-52.0,-5.0,-468.0,-1.0,0.0,2571.0,2571.0,2039.0,0.0,39927.0,0.0,25.0,1095.0,30208.0,174.0,13.0,32.0,0.0
kingen,17.0,3.0,3.0,3.0,283.0,16.0,8.4,13075.0,388.0,21.7,39.0,8.0,14.0,4.0,4.0,1.16,0.24,0.12,0.42,14.9,15537.0,6586.0,677.0,8274.0,461.0,18.7,0.18,42.9,1.0,0.0,0.0,0.0,0.0,-1490.0,-25.0,-885.0,-1.0,0.0,4870.0,4870.0,9510.0,0.0,26206.0,0.0,14.0,219.0,26105.0,128.0,5.0,25.0,9.425
kingen,14.0,4.0,1.0,6.0,180.0,12.0,8.0,9239.0,409.0,19.3,16.0,9.0,1.0,5.0,4.0,0.71,0.4,0.22,0.04,11.1,14467.0,87.0,14323.0,57.0,641.0,19.7,0.44,43.5,0.0,1.0,0.0,0.0,0.0,22.0,4.0,432.0,1.0,0.0,1079.0,1079.0,5459.0,0.0,11805.0,0.0,18.0,278.0,16515.0,0.0,7.0,19.0,9.425
kingen,15.0,3.0,3.0,6.0,212.0,8.0,8.0,12152.0,459.0,20.9,27.0,6.0,6.0,3.0,3.0,1.02,0.23,0.11,0.23,16.6,19022.0,16778.0,2244.0,0.0,719.0,22.5,0.34,34.6,0.0,1.0,0.0,0.0,0.0,1222.0,4.0,-573.0,-1.0,0.0,4759.0,4759.0,7256.0,0.0,15978.0,0.0,29.0,358.0,22622.0,110.0,4.0,21.0,9.425
kingen,15.0,2.0,0.0,3.0,208.0,16.0,8.3,9723.0,390.0,19.7,23.0,11.0,2.0,6.0,6.0,0.92,0.44,0.24,0.08,13.1,12699.0,12699.0,0.0,0.0,509.0,20.2,0.2,45.5,0.0,0.0,0.0,0.0,0.0,1075.0,13.0,1227.0,1.0,0.0,2030.0,2030.0,7344.0,0.0,13339.0,0.0,14.0,122.0,12499.0,0.0,7.0,21.0,9.425
kingen,18.0,2.0,5.0,12.0,311.0,54.0,7.4,15502.0,367.0,20.0,54.0,13.0,17.0,8.0,8.0,1.28,0.31,0.19,0.4,15.4,22132.0,21832.0,0.0,300.0,524.0,23.7,0.33,77.8,0.0,0.0,0.0,0.0,0.0,-1275.0,-11.0,-871.0,0.0,0.0,2094.0,2094.0,14571.0,0.0,41040.0,0.0,29.0,214.0,30331.0,173.0,9.0,30.0,9.425
kingen,15.0,3.0,0.0,8.0,204.0,16.0,8.7,11425.0,485.0,22.3,19.0,11.0,3.0,4.0,4.0,0.81,0.47,0.17,0.13,11.2,9171.0,6897.0,2274.0,0.0,390.0,16.6,0.47,47.8,0.0,0.0,0.0,0.0,0.0,1291.0,19.0,1233.0,2.0,0.0,7607.0,7607.0,1336.0,0.0,11456.0,0.0,13.0,383.0,10353.0,0.0,5.0,20.0,3.77
kingen,18.0,1.0,2.0,1.0,295.0,36.0,8.2,13386.0,374.0,20.1,19.0,8.0,3.0,3.0,3.0,0.53,0.22,0.08,0.08,6.6,23096.0,20165.0,1604.0,1327.0,645.0,29.6,0.06,18.2,1.0,0.0,0.0,0.0,0.0,192.0,-4.0,171.0,1.0,0.0,4023.0,4023.0,15503.0,0.0,33041.0,0.0,21.0,283.0,29819.0,105.0,4.0,26.0,3.77
kingen,15.0,1.0,2.0,3.0,232.0,2.0,7.8,10132.0,340.0,21.1,19.0,7.0,6.0,3.0,2.0,0.64,0.23,0.1,0.2,11.2,13198.0,7937.0,736.0,4525.0,443.0,30.0,0.13,80.0,0.0,0.0,0.0,0.0,0.0,-1028.0,-14.0,114.0,0.0,0.0,1927.0,1927.0,5038.0,0.0,26750.0,0.0,13.0,192.0,20470.0,35.0,5.0,23.0,0.0
kingen,18.0,2.0,3.0,3.0,324.0,16.0,8.7,15061.0,402.0,22.7,36.0,11.0,11.0,7.0,7.0,0.96,0.29,0.19,0.29,11.8,27805.0,2219.0,14492.0,11094.0,743.0,27.0,0.13,55.6,0.0,1.0,0.0,0.0,0.0,420.0,21.0,319.0,0.0,0.0,5337.0,5337.0,8313.0,0.0,22681.0,0.0,4.0,48.0,28321.0,84.0,10.0,28.0,0.0
kingen,18.0,0.0,1.0,11.0,291.0,49.0,7.8,13143.0,353.0,18.3,47.0,14.0,9.0,11.0,9.0,1.26,0.38,0.3,0.24,15.8,21556.0,20874.0,682.0,0.0,578.0,23.4,0.3,57.9,0.0,0.0,0.0,0.0,0.0,-75.0,-7.0,-49.0,0.0,0.0,2941.0,2941.0,16352.0,0.0,31757.0,0.0,21.0,290.0,33615.0,53.0,12.0,28.0,3.77
kingen,18.0,3.0,1.0,7.0,286.0,20.0,8.4,14692.0,430.0,23.1,31.0,11.0,5.0,6.0,6.0,0.91,0.32,0.18,0.15,10.9,15369.0,14935.0,0.0,434.0,449.0,23.7,0.29,71.4,0.0,1.0,0.0,0.0,0.0,345.0,23.0,1117.0,1.0,0.0,8969.0,8969.0,9286.0,0.0,21636.0,0.0,19.0,198.0,18159.0,14.0,8.0,30.0,3.77
kingen,17.0,2.0,3.0,5.0,268.0,14.0,8.4,13145.0,410.0,21.6,28.0,9.0,6.0,5.0,4.0,0.87,0.28,0.16,0.19,10.1,17831.0,9895.0,755.0,7181.0,557.0,20.0,0.22,50.0,0.0,0.0,0.0,0.0,0.0,760.0,-5.0,-121.0,0.0,0.0,5795.0,5795.0,11031.0,0.0,33453.0,0.0,17.0,220.0,28813.0,127.0,6.0,24.0,3.77
kingen,14.0,1.0,4.0,4.0,170.0,0.0,5.5,8859.0,285.0,17.5,38.0,17.0,8.0,8.0,8.0,1.22,0.55,0.26,0.26,20.0,10663.0,1954.0,8709.0,0.0,343.0,18.6,0.16,55.6,1.0,0.0,0.0,0.0,0.0,-943.0,1.0,-643.0,0.0,0.0,0.0,0.0,7772.0,0.0,21142.0,0.0,43.0,620.0,22860.0,165.0,14.0,33.0,0.0
kingen,13.0,0.0,4.0,5.0,161.0,8.0,6.1,8509.0,322.0,19.0,27.0,12.0,3.0,9.0,8.0,1.02,0.45,0.34,0.11,13.6,8559.0,3712.0,4075.0,772.0,324.0,19.7,0.19,83.3,0.0,0.0,0.0,0.0,0.0,-941.0,-17.0,-553.0,-1.0,0.0,2111.0,2111.0,687.0,0.0,14461.0,0.0,20.0,661.0,13500.0,60.0,10.0,27.0,0.0
kingen,18.0,2.0,2.0,6.0,326.0,23.0,7.9,16491.0,398.0,20.9,43.0,13.0,15.0,9.0,8.0,1.04,0.31,0.22,0.36,12.3,23064.0,13056.0,1841.0,8167.0,557.0,22.1,0.19,44.4,0.0,0.0,0.0,0.0,0.0,-1277.0,-37.0,-1338.0,-1.0,0.0,11843.0,11843.0,18080.0,1936.0,48939.0,0.0,15.0,119.0,34595.0,74.0,10.0,34.0,3.77
kingen,18.0,3.0,1.0,7.0,406.0,68.0,7.9,19472.0,380.0,23.1,54.0,12.0,24.0,9.0,8.0,1.05,0.23,0.18,0.47,11.5,22256.0,18680.0,3282.0,294.0,434.0,14.3,0.2,76.9,0.0,0.0,0.0,0.0,0.0,1161.0,30.0,271.0,0.0,0.0,4823.0,4823.0,23449.0,0.0,66360.0,0.0,22.0,79.0,54538.0,21.0,13.0,33.0,0.0
kingen,18.0,6.0,0.0,4.0,276.0,32.0,7.8,16042.0,456.0,23.8,43.0,21.0,13.0,12.0,11.0,1.22,0.6,0.34,0.37,14.9,19645.0,13914.0,5629.0,102.0,559.0,27.3,0.28,55.6,1.0,1.0,1.0,0.0,0.0,195.0,-1.0,45.0,0.0,0.0,10200.0,10200.0,7582.0,0.0,20592.0,0.0,18.0,139.0,25515.0,0.0,13.0,32.0,3.77
kingen,15.0,2.0,4.0,3.0,260.0,8.0,8.1,11904.0,372.0,23.1,19.0,8.0,3.0,4.0,3.0,0.59,0.25,0.13,0.09,7.8,19728.0,1915.0,12026.0,5787.0,617.0,29.0,0.16,62.5,0.0,0.0,0.0,0.0,0.0,2032.0,56.0,1272.0,1.0,0.0,3581.0,3581.0,5886.0,0.0,15256.0,0.0,4.0,46.0,22616.0,173.0,5.0,18.0,0.0
kingen,15.0,0.0,3.0,2.0,252.0,32.0,8.3,9954.0,326.0,20.3,27.0,10.0,6.0,8.0,7.0,0.88,0.33,0.26,0.2,13.2,10821.0,10781.0,40.0,0.0,354.0,17.5,0.07,33.3,0.0,0.0,0.0,0.0,0.0,-308.0,28.0,284.0,0.0,0.0,0.0,0.0,9544.0,0.0,17523.0,0.0,17.0,150.0,22786.0,48.0,9.0,24.0,0.0
kingen,15.0,1.0,4.0,2.0,182.0,4.0,5.9,8680.0,283.0,18.7,15.0,10.0,4.0,4.0,3.0,0.49,0.33,0.13,0.13,8.3,13693.0,4710.0,8440.0,543.0,446.0,27.5,0.1,42.9,0.0,0.0,0.0,0.0,0.0,-1768.0,-41.0,-608.0,0.0,0.0,0.0,0.0,459.0,0.0,28184.0,0.0,30.0,1138.0,20654.0,106.0,5.0,24.0,0.0
kingen,16.0,5.0,4.0,3.0,245.0,24.0,7.5,12675.0,386.0,22.4,31.0,10.0,7.0,4.0,4.0,0.94,0.3,0.12,0.21,12.7,26384.0,16570.0,52.0,9762.0,804.0,33.4,0.24,57.1,0.0,1.0,0.0,0.0,0.0,-410.0,-11.0,-455.0,-1.0,0.0,1741.0,1741.0,11541.0,0.0,41580.0,0.0,11.0,310.0,28262.0,141.0,5.0,24.0,0.0
kingen,16.0,0.0,0.0,8.0,214.0,14.0,6.6,10360.0,319.0,16.7,23.0,16.0,2.0,10.0,9.0,0.71,0.49,0.31,0.06,8.6,8564.0,2472.0,5847.0,245.0,264.0,11.9,0.25,50.0,0.0,0.0,0.0,0.0,0.0,-743.0,-12.0,-432.0,0.0,0.0,3345.0,3345.0,965.0,0.0,25739.0,0.0,29.0,1327.0,15895.0,0.0,11.0,28.0,3.77
kingen,14.0,0.0,5.0,0.0,214.0,16.0,8.8,8586.0,352.0,22.5,18.0,7.0,1.0,2.0,2.0,0.74,0.29,0.08,0.04,13.5,10864.0,10718.0,0.0,146.0,445.0,28.4,0.0,0.0,0.0,0.0,0.0,0.0,0.0,-215.0,5.0,138.0,0.0,0.0,2243.0,2243.0,6834.0,0.0,18066.0,0.0,15.0,109.0,21754.0,123.0,4.0,15.0,0.0
kingen,13.0,1.0,4.0,1.0,170.0,0.0,7.0,7540.0,311.0,20.0,15.0,8.0,5.0,4.0,4.0,0.62,0.33,0.17,0.21,12.3,5951.0,1345.0,4606.0,0.0,246.0,19.1,0.08,100.0,0.0,0.0,0.0,0.0,0.0,-2309.0,-63.0,-2225.0,-2.0,0.0,0.0,0.0,4344.0,0.0,12060.0,0.0,16.0,672.0,17140.0,78.0,6.0,21.0,0.0
kingen,16.0,0.0,0.0,7.0,197.0,13.0,5.4,10867.0,297.0,16.2,46.0,15.0,7.0,10.0,9.0,1.26,0.41,0.27,0.19,14.9,12290.0,1370.0,10920.0,0.0,336.0,18.0,0.19,63.6,0.0,0.0,0.0,0.0,0.0,-44.0,5.0,-353.0,0.0,0.0,2859.0,2859.0,13791.0,0.0,37826.0,0.0,34.0,760.0,24386.0,0.0,13.0,30.0,3.77
kingen,17.0,1.0,1.0,14.0,232.0,12.0,6.5,11607.0,326.0,16.6,48.0,16.0,10.0,12.0,10.0,1.35,0.45,0.34,0.28,15.6,15018.0,1717.0,12378.0,923.0,422.0,20.6,0.42,88.2,0.0,0.0,0.0,0.0,0.0,-337.0,-6.0,-293.0,0.0,0.0,1363.0,1363.0,12655.0,0.0,26278.0,0.0,44.0,516.0,27179.0,0.0,16.0,34.0,3.77
kingen,15.0,2.0,0.0,8.0,183.0,0.0,6.5,9709.0,346.0,18.5,31.0,10.0,8.0,5.0,5.0,1.1,0.36,0.18,0.29,16.5,10351.0,1597.0,8754.0,0.0,369.0,15.3,0.36,71.4,0.0,0.0,0.0,0.0,0.0,-509.0,-31.0,-1007.0,-1.0,0.0,3028.0,3028.0,9101.0,0.0,24745.0,0.0,27.0,641.0,19004.0,0.0,7.0,23.0,3.77
kingen,18.0,0.0,2.0,7.0,292.0,9.0,6.8,13398.0,312.0,18.3,43.0,22.0,9.0,17.0,17.0,1.0,0.51,0.4,0.21,10.5,14896.0,7145.0,6762.0,989.0,347.0,16.2,0.16,70.0,0.0,0.0,0.0,0.0,0.0,-1507.0,-40.0,-1393.0,-1.0,0.0,0.0,0.0,11716.0,0.0,55060.0,0.0,31.0,959.0,43165.0,21.0,18.0,42.0,0.0
kingen,18.0,5.0,1.0,20.0,241.0,15.0,6.4,15166.0,400.0,19.2,61.0,18.0,17.0,15.0,14.0,1.61,0.47,0.4,0.45,16.8,27432.0,12911.0,12831.0,1690.0,723.0,20.9,0.66,73.5,1.0,0.0,0.0,0.0,0.0,-476.0,-8.0,-263.0,-1.0,0.0,7450.0,7450.0,11064.0,0.0,57220.0,0.0,44.0,778.0,45106.0,57.0,17.0,41.0,3.77
kingen,13.0,3.0,5.0,1.0,203.0,16.0,7.7,9951.0,377.0,24.1,18.0,7.0,5.0,3.0,3.0,0.68,0.26,0.11,0.19,11.5,10104.0,9380.0,724.0,0.0,382.0,25.4,0.15,57.1,1.0,0.0,0.0,0.0,0.0,316.0,30.0,453.0,0.0,0.0,1484.0,1484.0,1956.0,0.0,16764.0,0.0,25.0,414.0,20887.0,180.0,4.0,19.0,0.0
kingen,18.0,4.0,1.0,7.0,328.0,37.0,8.6,16123.0,424.0,22.5,47.0,11.0,9.0,7.0,7.0,1.24,0.29,0.18,0.24,12.9,24992.0,2941.0,16586.0,5465.0,657.0,32.6,0.29,68.8,0.0,0.0,0.0,0.0,0.0,568.0,12.0,350.0,1.0,0.0,9025.0,9025.0,5595.0,0.0,21991.0,0.0,6.0,64.0,28634.0,32.0,8.0,30.0,3.77
kingen,17.0,2.0,4.0,2.0,309.0,30.0,8.2,14386.0,381.0,22.7,38.0,13.0,10.0,9.0,9.0,1.01,0.34,0.24,0.26,11.6,23521.0,17315.0,6206.0,0.0,622.0,26.7,0.11,33.3,0.0,0.0,0.0,0.0,0.0,592.0,18.0,660.0,0.0,0.0,4490.0,4490.0,5571.0,0.0,26849.0,0.0,19.0,435.0,29077.0,157.0,10.0,31.0,0.0
kingen,15.0,2.0,5.0,1.0,189.0,2.0,6.3,9096.0,302.0,19.0,22.0,12.0,5.0,5.0,4.0,0.73,0.4,0.17,0.17,11.5,9118.0,2614.0,6354.0,150.0,303.0,18.2,0.1,33.3,0.0,0.0,0.0,0.0,0.0,-2078.0,-33.0,-1045.0,-1.0,0.0,0.0,0.0,794.0,0.0,35350.0,0.0,22.0,837.0,26122.0,158.0,6.0,25.0,0.0
kingen,16.0,0.0,4.0,4.0,281.0,20.0,8.0,12560.0,358.0,22.9,25.0,11.0,10.0,8.0,7.0,0.71,0.31,0.23,0.29,10.6,17712.0,14759.0,2953.0,0.0,505.0,27.8,0.11,100.0,0.0,0.0,0.0,0.0,0.0,-464.0,2.0,61.0,0.0,0.0,1652.0,1652.0,4898.0,0.0,32620.0,0.0,35.0,561.0,28361.0,106.0,11.0,30.0,0.0
kingen,16.0,5.0,1.0,3.0,257.0,24.0,8.1,13783.0,436.0,21.8,48.0,15.0,17.0,10.0,10.0,1.52,0.47,0.32,0.54,16.2,23226.0,19449.0,3211.0,566.0,735.0,26.7,0.25,36.4,0.0,0.0,0.0,0.0,0.0,190.0,3.0,-339.0,0.0,0.0,5185.0,5185.0,8105.0,0.0,23773.0,0.0,21.0,480.0,30511.0,46.0,11.0,33.0,3.77
kingen,14.0,1.0,2.0,0.0,202.0,4.0,7.6,8393.0,316.0,21.0,21.0,11.0,6.0,6.0,6.0,0.79,0.41,0.23,0.23,12.0,15474.0,13078.0,2396.0,0.0,583.0,35.7,0.04,100.0,0.0,0.0,0.0,0.0,0.0,-1397.0,-24.0,-779.0,-1.0,0.0,1480.0,1480.0,3289.0,0.0,18333.0,0.0,21.0,359.0,24123.0,75.0,7.0,21.0,0.0
kingen,15.0,0.0,1.0,7.0,206.0,12.0,7.7,10877.0,405.0,20.6,27.0,8.0,5.0,5.0,4.0,1.0,0.3,0.19,0.19,14.4,13618.0,11449.0,2169.0,0.0,507.0,26.4,0.26,50.0,0.0,0.0,0.0,0.0,0.0,417.0,6.0,173.0,1.0,0.0,5789.0,5789.0,5128.0,0.0,13939.0,0.0,14.0,356.0,17788.0,32.0,6.0,20.0,3.77
kingen,18.0,7.0,1.0,8.0,297.0,39.0,7.0,16446.0,389.0,21.1,42.0,29.0,11.0,14.0,14.0,0.99,0.69,0.33,0.26,11.9,19905.0,16226.0,3679.0,0.0,470.0,18.1,0.35,62.5,0.0,1.0,1.0,0.0,0.0,398.0,22.0,385.0,0.0,0.0,1928.0,1928.0,7126.0,0.0,40489.0,519.0,20.0,314.0,28267.0,42.0,15.0,33.0,3.77
kingen,15.0,3.0,3.0,10.0,209.0,8.0,6.5,11458.0,354.0,18.7,27.0,15.0,5.0,11.0,11.0,0.83,0.46,0.34,0.15,10.5,16393.0,8649.0,6290.0,1454.0,506.0,20.7,0.4,92.9,0.0,0.0,0.0,0.0,0.0,610.0,14.0,528.0,0.0,0.0,2982.0,2982.0,2359.0,0.0,36648.0,0.0,36.0,423.0,34073.0,128.0,12.0,33.0,3.77
kingen,16.0,1.0,4.0,0.0,273.0,20.0,8.5,12144.0,378.0,24.6,26.0,15.0,4.0,5.0,5.0,0.81,0.47,0.16,0.12,11.4,14341.0,9971.0,3431.0,939.0,447.0,26.3,0.03,100.0,0.0,0.0,0.0,0.0,0.0,-524.0,-12.0,-596.0,-1.0,0.0,829.0,829.0,5335.0,0.0,15567.0,0.0,8.0,302.0,22649.0,83.0,5.0,23.0,0.0
kingen,16.0,0.0,3.0,3.0,270.0,7.0,8.4,12533.0,390.0,21.5,36.0,13.0,12.0,8.0,8.0,1.12,0.4,0.25,0.37,14.1,15610.0,13627.0,1738.0,245.0,486.0,29.2,0.09,20.0,0.0,0.0,0.0,0.0,0.0,-284.0,-3.0,-448.0,0.0,0.0,4155.0,4155.0,4777.0,0.0,27021.0,0.0,27.0,463.0,29297.0,84.0,10.0,29.0,0.0
kingen,14.0,0.0,2.0,1.0,192.0,20.0,7.1,8338.0,309.0,21.1,17.0,9.0,4.0,5.0,4.0,0.63,0.33,0.19,0.15,10.2,8561.0,1663.0,4754.0,2144.0,318.0,19.6,0.04,100.0,0.0,0.0,0.0,0.0,0.0,-671.0,-32.0,-558.0,-1.0,0.0,1966.0,1966.0,2405.0,0.0,18989.0,0.0,5.0,88.0,22009.0,74.0,6.0,22.0,0.0
kingen,15.0,0.0,3.0,6.0,213.0,12.0,7.5,8809.0,309.0,19.5,20.0,11.0,3.0,7.0,6.0,0.7,0.39,0.25,0.11,11.0,13181.0,3944.0,8887.0,350.0,462.0,21.8,0.21,66.7,0.0,0.0,0.0,0.0,0.0,-1123.0,-23.0,-87.0,0.0,0.0,0.0,0.0,2124.0,0.0,35164.0,0.0,35.0,1389.0,24043.0,81.0,8.0,27.0,0.0
kingen,18.0,2.0,6.0,2.0,353.0,17.0,7.9,16268.0,366.0,22.3,48.0,16.0,14.0,12.0,12.0,1.08,0.36,0.27,0.32,14.0,24575.0,16390.0,0.0,8185.0,553.0,25.3,0.09,44.4,1.0,0.0,0.0,0.0,0.0,182.0,16.0,458.0,1.0,0.0,5581.0,5581.0,13691.0,0.0,74450.0,0.0,15.0,578.0,39177.0,169.0,13.0,37.0,0.0
kingen,18.0,4.0,1.0,4.0,359.0,70.0,8.8,16647.0,408.0,22.8,59.0,15.0,22.0,13.0,12.0,1.44,0.37,0.32,0.54,17.2,28377.0,26135.0,83.0,2159.0,695.0,24.2,0.2,61.5,1.0,0.0,1.0,0.0,0.0,705.0,29.0,778.0,0.0,0.0,5592.0,5592.0,22631.0,0.0,64230.0,0.0,30.0,290.0,49032.0,38.0,15.0,30.0,3.77
kingen,16.0,3.0,1.0,0.0,276.0,8.0,9.3,11397.0,382.0,24.7,27.0,12.0,10.0,7.0,7.0,0.91,0.4,0.23,0.34,16.4,15272.0,2122.0,8605.0,4545.0,512.0,34.0,0.1,50.0,1.0,0.0,0.0,0.0,0.0,-34.0,-4.0,510.0,0.0,0.0,1944.0,1944.0,3093.0,0.0,20194.0,0.0,4.0,79.0,22631.0,0.0,8.0,23.0,0.0
kingen,18.0,1.0,2.0,2.0,391.0,53.0,8.9,16946.0,385.0,22.5,64.0,13.0,28.0,9.0,9.0,1.45,0.3,0.2,0.64,20.1,29228.0,4874.0,24354.0,0.0,664.0,25.4,0.07,23.1,0.0,0.0,0.0,0.0,0.0,-285.0,2.0,-211.0,0.0,0.0,4547.0,4547.0,10476.0,0.0,82794.0,0.0,4.0,989.0,55344.0,44.0,10.0,33.0,0.0
kingen,18.0,1.0,1.0,9.0,290.0,8.0,8.1,14695.0,411.0,21.6,52.0,11.0,18.0,6.0,6.0,1.46,0.31,0.17,0.5,15.1,27344.0,20641.0,6703.0,0.0,766.0,32.4,0.28,66.7,0.0,0.0,0.0,0.0,0.0,622.0,-4.0,-44.0,0.0,0.0,4014.0,4014.0,7063.0,0.0,24108.0,0.0,36.0,526.0,21858.0,53.0,7.0,27.0,3.77
kingen,18.0,1.0,4.0,2.0,303.0,7.0,7.5,14801.0,367.0,22.2,59.0,17.0,14.0,11.0,11.0,1.46,0.42,0.27,0.35,18.6,13553.0,11621.0,1657.0,275.0,336.0,15.7,0.07,42.9,0.0,0.0,0.0,0.0,0.0,-774.0,-6.0,-9.0,0.0,0.0,5783.0,5783.0,4627.0,0.0,32525.0,0.0,29.0,601.0,28941.0,106.0,12.0,35.0,0.0
kingen,16.0,4.0,1.0,9.0,241.0,33.0,7.6,13005.0,412.0,20.4,40.0,15.0,10.0,10.0,10.0,1.27,0.48,0.32,0.32,15.2,19317.0,16355.0,2848.0,114.0,613.0,25.7,0.41,65.0,0.0,0.0,0.0,0.0,0.0,279.0,11.0,564.0,1.0,0.0,6779.0,6779.0,6899.0,0.0,16760.0,0.0,22.0,406.0,19758.0,46.0,12.0,27.0,3.77
kingen,14.0,0.0,5.0,1.0,229.0,12.0,7.7,9257.0,309.0,19.5,18.0,8.0,4.0,5.0,4.0,0.6,0.27,0.17,0.13,7.6,15363.0,2255.0,8454.0,4654.0,514.0,28.2,0.03,50.0,0.0,0.0,0.0,0.0,0.0,-684.0,-8.0,2.0,0.0,0.0,0.0,0.0,2509.0,0.0,23749.0,0.0,4.0,35.0,26352.0,154.0,6.0,23.0,0.0
kingen,17.0,2.0,6.0,2.0,271.0,16.0,6.9,14118.0,362.0,21.3,45.0,14.0,13.0,11.0,10.0,1.15,0.36,0.28,0.33,13.2,23330.0,18966.0,3929.0,435.0,598.0,31.3,0.1,40.0,0.0,0.0,0.0,0.0,0.0,217.0,-5.0,-325.0,0.0,0.0,1885.0,1885.0,4541.0,0.0,28270.0,0.0,34.0,553.0,35044.0,220.0,13.0,32.0,0.0
kingen,17.0,3.0,2.0,4.0,291.0,10.0,9.2,13817.0,438.0,25.4,28.0,16.0,9.0,6.0,6.0,0.89,0.51,0.19,0.29,13.3,17715.0,10752.0,4217.0,2746.0,561.0,29.4,0.22,77.8,0.0,0.0,0.0,0.0,0.0,-724.0,8.0,263.0,0.0,0.0,1774.0,1774.0,4916.0,0.0,15181.0,0.0,13.0,289.0,23735.0,97.0,7.0,27.0,0.0
kingen,18.0,2.0,0.0,9.0,320.0,30.0,7.7,16733.0,402.0,21.8,52.0,23.0,10.0,10.0,10.0,1.25,0.55,0.24,0.24,14.8,25679.0,15792.0,6238.0,3649.0,618.0,27.3,0.26,84.6,0.0,1.0,0.0,0.0,0.0,-1160.0,-25.0,-880.0,-1.0,1.0,7930.0,7930.0,6697.0,0.0,22322.0,0.0,17.0,436.0,18997.0,0.0,10.0,29.0,3.77
kingen,15.0,1.0,2.0,1.0,268.0,35.0,9.9,11558.0,426.0,24.2,19.0,6.0,5.0,4.0,2.0,0.7,0.22,0.15,0.18,10.5,15831.0,12760.0,3028.0,43.0,584.0,27.4,0.07,18.2,0.0,0.0,0.0,0.0,0.0,1157.0,20.0,528.0,0.0,0.0,3297.0,3297.0,1908.0,0.0,14806.0,0.0,18.0,411.0,20229.0,93.0,5.0,23.0,0.0
kingen,17.0,0.0,0.0,8.0,268.0,6.0,8.3,11984.0,373.0,19.0,51.0,18.0,6.0,10.0,9.0,1.59,0.56,0.31,0.19,15.8,8345.0,2255.0,6090.0,0.0,260.0,17.1,0.25,57.1,0.0,0.0,0.0,0.0,0.0,-90.0,-9.0,500.0,1.0,0.0,4376.0,4376.0,1589.0,0.0,23638.0,0.0,23.0,1406.0,16850.0,0.0,11.0,32.0,3.77
kingen,18.0,1.0,2.0,13.0,255.0,11.0,7.3,13095.0,374.0,18.5,46.0,14.0,11.0,9.0,9.0,1.31,0.4,0.26,0.31,14.5,15089.0,6775.0,5756.0,2558.0,431.0,16.7,0.4,66.7,1.0,0.0,0.0,0.0,0.0,-669.0,-11.0,-333.0,0.0,0.0,6697.0,6697.0,6892.0,0.0,38540.0,0.0,29.0,1371.0,29715.0,53.0,10.0,31.0,3.77
kingen,17.0,6.0,2.0,1.0,278.0,24.0,8.4,15536.0,470.0,24.8,30.0,15.0,3.0,7.0,5.0,0.91,0.45,0.21,0.09,10.0,26709.0,21107.0,3254.0,2348.0,808.0,38.0,0.21,77.8,1.0,0.0,0.0,0.0,0.0,912.0,1.0,908.0,1.0,0.0,9716.0,9716.0,4538.0,0.0,13142.0,0.0,12.0,317.0,19937.0,74.0,7.0,23.0,3.77
kingen,16.0,1.0,4.0,8.0,286.0,24.0,8.6,12587.0,380.0,22.4,27.0,11.0,6.0,8.0,6.0,0.81,0.33,0.24,0.18,11.6,17493.0,12427.0,0.0,5066.0,528.0,27.8,0.27,75.0,0.0,0.0,0.0,0.0,0.0,-250.0,0.0,43.0,0.0,0.0,2711.0,2711.0,7614.0,0.0,42145.0,0.0,17.0,596.0,23364.0,140.0,9.0,27.0,0.0
kingen,15.0,0.0,0.0,11.0,208.0,6.0,7.2,9915.0,344.0,17.5,30.0,16.0,4.0,10.0,8.0,1.04,0.56,0.35,0.14,14.1,7315.0,2742.0,4369.0,204.0,254.0,11.8,0.38,57.9,0.0,0.0,0.0,0.0,0.0,-507.0,-23.0,194.0,0.0,0.0,688.0,688.0,1415.0,0.0,22875.0,0.0,25.0,1376.0,14777.0,0.0,11.0,27.0,3.77
kingen,18.0,1.0,0.0,7.0,295.0,4.0,7.4,13623.0,340.0,18.5,47.0,28.0,6.0,16.0,16.0,1.17,0.7,0.4,0.15,12.5,14437.0,3357.0,11080.0,0.0,361.0,20.4,0.2,72.7,0.0,0.0,0.0,0.0,0.0,-284.0,-5.0,-6.0,0.0,0.0,1626.0,1626.0,6248.0,0.0,52191.0,0.0,35.0,2143.0,25320.0,0.0,17.0,40.0,3.77
kingen,18.0,1.0,1.0,4.0,375.0,37.0,9.2,18034.0,444.0,22.0,49.0,15.0,12.0,10.0,10.0,1.21,0.37,0.25,0.3,12.6,14528.0,9296.0,3125.0,2107.0,358.0,17.0,0.12,50.0,0.0,0.0,0.0,0.0,0.0,653.0,1.0,483.0,0.0,0.0,9809.0,9809.0,7855.0,0.0,32664.0,0.0,18.0,637.0,22722.0,42.0,12.0,39.0,3.77
kingen,18.0,0.0,1.0,12.0,305.0,12.0,7.3,14249.0,342.0,18.7,54.0,24.0,5.0,12.0,12.0,1.3,0.58,0.29,0.12,14.1,20136.0,4331.0,15805.0,0.0,483.0,15.9,0.29,70.6,0.0,0.0,0.0,0.0,0.0,-407.0,1.0,-458.0,-1.0,0.0,2990.0,2990.0,5530.0,0.0,59324.0,0.0,48.0,1624.0,37805.0,43.0,13.0,35.0,3.77
kingen,18.0,2.0,3.0,12.0,480.0,58.0,10.3,23011.0,492.0,24.9,82.0,18.0,13.0,6.0,6.0,1.75,0.39,0.13,0.28,18.6,20839.0,3450.0,13142.0,4247.0,446.0,20.7,0.3,82.4,0.0,0.0,0.0,0.0,0.0,781.0,17.0,522.0,0.0,0.0,15807.0,15807.0,11847.0,4438.0,12968.0,0.0,6.0,317.0,23467.0,167.0,10.0,32.0,3.77
kingen,16.0,1.0,4.0,3.0,232.0,4.0,5.8,12291.0,307.0,19.5,58.0,15.0,14.0,11.0,11.0,1.45,0.37,0.27,0.35,16.3,5142.0,3226.0,402.0,1514.0,128.0,12.1,0.1,57.1,0.0,0.0,0.0,0.0,0.0,-896.0,-34.0,-1034.0,-1.0,0.0,4004.0,4004.0,3269.0,0.0,25300.0,0.0,8.0,181.0,20578.0,122.0,12.0,28.0,0.0
kingen,16.0,1.0,1.0,10.0,186.0,12.0,6.1,10256.0,336.0,17.2,22.0,14.0,3.0,8.0,8.0,0.72,0.46,0.26,0.1,9.2,13907.0,359.0,13086.0,462.0,455.0,18.1,0.36,57.9,0.0,0.0,0.0,0.0,0.0,-503.0,-7.0,152.0,0.0,0.0,499.0,499.0,14158.0,0.0,21157.0,0.0,31.0,380.0,23101.0,10.0,12.0,26.0,3.77
kingen,16.0,1.0,2.0,2.0,274.0,36.0,7.8,11897.0,338.0,21.5,50.0,9.0,13.0,7.0,5.0,1.42,0.26,0.2,0.37,15.4,13002.0,13002.0,0.0,0.0,370.0,21.8,0.09,75.0,0.0,0.0,0.0,0.0,0.0,-309.0,3.0,-183.0,0.0,0.0,867.0,867.0,6483.0,0.0,21736.0,0.0,22.0,174.0,19655.0,16.0,8.0,24.0,0.0
kingen,18.0,2.0,2.0,9.0,303.0,33.0,7.5,14139.0,351.0,19.4,58.0,18.0,16.0,9.0,8.0,1.44,0.45,0.22,0.4,16.4,25206.0,23621.0,1585.0,0.0,626.0,23.1,0.27,61.1,0.0,0.0,0.0,0.0,0.0,-955.0,-2.0,-528.0,-1.0,0.0,7127.0,7127.0,690.0,0.0,9265.0,0.0,5.0,180.0,12075.0,71.0,9.0,32.0,3.77
kingen,17.0,0.0,3.0,5.0,290.0,9.0,7.7,14331.0,383.0,22.6,53.0,18.0,14.0,10.0,8.0,1.42,0.48,0.27,0.37,16.7,31353.0,29038.0,2315.0,0.0,837.0,38.3,0.13,83.3,0.0,0.0,0.0,0.0,0.0,925.0,-3.0,2.0,0.0,0.0,9070.0,9070.0,816.0,0.0,8062.0,0.0,7.0,127.0,14519.0,97.0,10.0,32.0,0.0
kingen,14.0,0.0,6.0,1.0,199.0,28.0,6.5,9273.0,304.0,18.7,28.0,9.0,8.0,5.0,4.0,0.92,0.29,0.16,0.26,12.0,13773.0,11525.0,2162.0,86.0,451.0,27.1,0.03,11.1,0.0,0.0,0.0,0.0,0.0,-1047.0,-28.0,-802.0,-1.0,0.0,3224.0,3224.0,1587.0,0.0,18529.0,0.0,22.0,344.0,23147.0,197.0,6.0,24.0,0.0
kingen,14.0,1.0,3.0,1.0,218.0,0.0,7.4,8662.0,295.0,19.8,26.0,13.0,6.0,8.0,6.0,0.88,0.44,0.27,0.2,12.2,6713.0,4071.0,2154.0,488.0,228.0,21.1,0.07,50.0,0.0,0.0,0.0,0.0,0.0,-1790.0,-37.0,-511.0,0.0,0.0,0.0,0.0,1872.0,0.0,39911.0,0.0,22.0,747.0,25863.0,82.0,9.0,25.0,0.0
kingen,14.0,0.0,4.0,1.0,218.0,14.0,8.0,9104.0,335.0,22.9,19.0,7.0,2.0,4.0,4.0,0.7,0.26,0.15,0.07,12.1,8904.0,8168.0,736.0,0.0,327.0,21.1,0.04,100.0,0.0,0.0,0.0,0.0,0.0,-388.0,-9.0,-1326.0,-2.0,0.0,3056.0,3056.0,9134.0,0.0,23248.0,0.0,7.0,50.0,30176.0,87.0,5.0,19.0,0.0
kingen,13.0,0.0,3.0,1.0,180.0,12.0,7.0,7861.0,307.0,20.1,15.0,6.0,1.0,3.0,2.0,0.59,0.23,0.12,0.04,9.3,8403.0,8253.0,150.0,0.0,328.0,24.0,0.04,25.0,0.0,0.0,0.0,0.0,0.0,-851.0,-26.0,-792.0,-1.0,0.0,1092.0,1092.0,8427.0,0.0,15212.0,0.0,10.0,63.0,22925.0,114.0,5.0,17.0,0.0
kingen,17.0,4.0,4.0,1.0,261.0,41.0,8.4,12781.0,411.0,21.3,29.0,7.0,9.0,4.0,3.0,0.93,0.22,0.13,0.29,11.0,11059.0,10336.0,611.0,112.0,355.0,14.9,0.16,35.7,4.0,0.0,0.0,0.0,0.0,219.0,1.0,589.0,0.0,0.0,6447.0,6447.0,9727.0,0.0,29916.0,0.0,9.0,66.0,31026.0,138.0,5.0,22.0,3.77
kingen,18.0,2.0,1.0,6.0,305.0,6.0,7.4,14762.0,360.0,19.3,73.0,14.0,28.0,8.0,8.0,1.78,0.34,0.2,0.68,17.9,12260.0,8108.0,4152.0,0.0,299.0,20.6,0.2,50.0,0.0,0.0,0.0,0.0,0.0,-160.0,-9.0,-284.0,-1.0,0.0,1393.0,1393.0,5883.0,0.0,88723.0,0.0,38.0,1197.0,32559.0,50.0,9.0,30.0,3.77
kingen,17.0,0.0,2.0,0.0,352.0,25.0,10.3,13758.0,404.0,25.7,33.0,12.0,9.0,7.0,5.0,0.97,0.35,0.21,0.26,16.7,12306.0,10914.0,1171.0,221.0,361.0,25.7,0.0,0.0,0.0,0.0,0.0,0.0,0.0,320.0,6.0,-35.0,0.0,0.0,1476.0,1476.0,3144.0,0.0,22351.0,0.0,18.0,306.0,20890.0,52.0,7.0,29.0,0.0
kingen,17.0,2.0,1.0,4.0,293.0,14.0,9.4,12989.0,416.0,22.8,40.0,10.0,12.0,4.0,4.0,1.28,0.32,0.13,0.38,13.7,14030.0,2744.0,6045.0,5241.0,450.0,36.2,0.19,60.0,0.0,0.0,0.0,0.0,0.0,-314.0,13.0,148.0,0.0,0.0,8274.0,8274.0,1706.0,0.0,14045.0,0.0,1.0,31.0,12414.0,12.0,6.0,26.0,3.77
kingen,17.0,1.0,3.0,9.0,286.0,21.0,8.5,13615.0,405.0,20.8,44.0,10.0,16.0,6.0,6.0,1.31,0.3,0.18,0.48,14.8,20215.0,3287.0,10363.0,6565.0,601.0,31.3,0.3,55.6,0.0,0.0,0.0,0.0,0.0,267.0,16.0,82.0,0.0,0.0,6421.0,6421.0,4689.0,0.0,21770.0,0.0,6.0,72.0,19856.0,113.0,8.0,23.0,3.77
kingen,16.0,4.0,1.0,5.0,261.0,4.0,8.7,14351.0,479.0,24.6,32.0,13.0,2.0,3.0,3.0,1.07,0.43,0.1,0.07,16.8,16426.0,11767.0,3607.0,1052.0,548.0,28.6,0.3,64.3,0.0,1.0,0.0,0.0,0.0,963.0,30.0,653.0,0.0,0.0,9438.0,9438.0,6690.0,0.0,10141.0,0.0,7.0,230.0,15719.0,0.0,3.0,23.0,3.77
kingen,16.0,6.0,0.0,7.0,205.0,8.0,6.7,11594.0,377.0,18.3,29.0,8.0,5.0,6.0,5.0,0.94,0.26,0.2,0.16,10.9,24202.0,1750.0,20333.0,2119.0,787.0,26.3,0.42,44.8,2.0,0.0,0.0,0.0,0.0,72.0,-11.0,828.0,1.0,0.0,1319.0,1319.0,4338.0,0.0,14495.0,0.0,2.0,60.0,24363.0,0.0,7.0,22.0,3.77
kingen,16.0,4.0,1.0,6.0,220.0,4.0,7.8,11618.0,410.0,19.6,23.0,9.0,3.0,4.0,4.0,0.81,0.32,0.14,0.11,11.1,13763.0,2577.0,7605.0,3581.0,485.0,23.0,0.35,52.6,0.0,1.0,0.0,0.0,0.0,-220.0,-6.0,247.0,0.0,0.0,10108.0,10108.0,3476.0,0.0,13573.0,0.0,3.0,47.0,17577.0,42.0,7.0,22.0,3.77
kingen,18.0,3.0,3.0,10.0,294.0,42.0,7.1,14999.0,360.0,19.4,35.0,17.0,11.0,5.0,5.0,0.84,0.41,0.12,0.26,10.9,33500.0,26622.0,4551.0,2327.0,805.0,31.3,0.31,56.5,0.0,0.0,0.0,0.0,0.0,-1379.0,-17.0,-1409.0,-1.0,0.0,9043.0,9043.0,3069.0,0.0,15148.0,0.0,9.0,81.0,19726.0,114.0,9.0,32.0,3.77
kingen,16.0,0.0,3.0,2.0,235.0,0.0,7.4,9923.0,310.0,18.3,30.0,14.0,6.0,8.0,8.0,0.94,0.44,0.25,0.19,12.0,7209.0,241.0,6968.0,0.0,226.0,15.6,0.06,20.0,0.0,0.0,0.0,0.0,0.0,-1252.0,-10.0,146.0,0.0,0.0,0.0,0.0,10343.0,0.0,19229.0,0.0,23.0,465.0,22805.0,67.0,10.0,25.0,0.0
kingen,16.0,1.0,4.0,3.0,254.0,7.0,8.7,11672.0,400.0,23.4,17.0,8.0,5.0,4.0,3.0,0.58,0.27,0.14,0.17,9.8,22309.0,2584.0,12112.0,7613.0,764.0,41.2,0.14,50.0,1.0,0.0,0.0,0.0,0.0,1919.0,37.0,1966.0,1.0,0.0,3634.0,3634.0,3650.0,0.0,22324.0,0.0,8.0,66.0,21509.0,128.0,6.0,22.0,0.0
kingen,15.0,1.0,1.0,6.0,221.0,32.0,7.7,11339.0,394.0,20.1,23.0,9.0,5.0,6.0,5.0,0.8,0.31,0.21,0.17,11.2,8709.0,8328.0,381.0,0.0,303.0,16.3,0.24,53.8,0.0,0.0,0.0,0.0,0.0,361.0,6.0,-72.0,0.0,0.0,4817.0,4817.0,1471.0,0.0,8847.0,0.0,14.0,325.0,11862.0,35.0,7.0,23.0,3.77
kingen,16.0,2.0,1.0,2.0,286.0,33.0,8.4,12778.0,377.0,23.4,33.0,17.0,6.0,6.0,6.0,0.97,0.5,0.18,0.18,13.6,16705.0,14994.0,1711.0,0.0,494.0,31.2,0.12,40.0,0.0,0.0,0.0,0.0,0.0,-430.0,-4.0,102.0,0.0,0.0,5153.0,5153.0,1747.0,0.0,6969.0,0.0,5.0,82.0,13641.0,0.0,9.0,26.0,0.0
kingen,18.0,3.0,0.0,5.0,317.0,24.0,10.3,14902.0,482.0,23.9,28.0,5.0,10.0,2.0,2.0,0.91,0.16,0.06,0.32,11.7,19923.0,2435.0,11181.0,6307.0,644.0,44.3,0.26,72.7,0.0,0.0,1.0,0.0,0.0,1946.0,23.0,403.0,1.0,0.0,9167.0,9167.0,3437.0,0.0,14809.0,0.0,3.0,148.0,18829.0,0.0,4.0,23.0,3.77
kingen,18.0,2.0,1.0,0.0,361.0,32.0,8.4,14927.0,349.0,22.7,39.0,16.0,9.0,6.0,6.0,0.91,0.37,0.14,0.21,12.0,37427.0,36787.0,640.0,0.0,874.0,40.5,0.05,50.0,0.0,0.0,0.0,0.0,0.0,5.0,-1.0,-253.0,0.0,0.0,5932.0,5932.0,2001.0,0.0,11533.0,0.0,7.0,212.0,14941.0,0.0,6.0,29.0,0.0
kingen,16.0,2.0,4.0,0.0,266.0,29.0,8.3,11646.0,364.0,22.4,30.0,9.0,7.0,6.0,5.0,0.94,0.28,0.19,0.22,12.7,13379.0,1469.0,6845.0,5065.0,418.0,31.8,0.06,33.3,0.0,0.0,0.0,0.0,0.0,-15.0,6.0,27.0,0.0,0.0,0.0,0.0,3530.0,0.0,24141.0,0.0,7.0,65.0,22562.0,120.0,8.0,26.0,0.0
kingen,18.0,4.0,1.0,5.0,353.0,52.0,7.6,18238.0,390.0,23.1,54.0,20.0,14.0,5.0,5.0,1.16,0.43,0.11,0.3,13.6,34206.0,31176.0,2908.0,122.0,732.0,41.3,0.19,81.8,0.0,0.0,0.0,0.0,0.0,408.0,7.0,45.0,0.0,0.0,6524.0,6524.0,2471.0,0.0,16018.0,0.0,8.0,167.0,16283.0,49.0,8.0,35.0,3.77
kingen,17.0,0.0,3.0,2.0,284.0,20.0,8.2,13471.0,390.0,22.1,47.0,13.0,11.0,8.0,7.0,1.36,0.38,0.23,0.32,14.8,12472.0,3224.0,6030.0,3218.0,362.0,19.9,0.06,28.6,0.0,0.0,0.0,0.0,0.0,-609.0,-6.0,205.0,0.0,0.0,11742.0,11742.0,3036.0,0.0,17337.0,0.0,3.0,47.0,20421.0,85.0,10.0,29.0,3.77
kingen,18.0,2.0,0.0,0.0,327.0,12.0,9.1,13982.0,390.0,23.5,39.0,8.0,8.0,5.0,4.0,1.09,0.22,0.14,0.22,12.0,9458.0,1166.0,4715.0,3577.0,264.0,24.6,0.06,50.0,0.0,0.0,0.0,0.0,0.0,-361.0,-2.0,-153.0,0.0,0.0,5788.0,5788.0,2782.0,0.0,19372.0,0.0,3.0,75.0,18781.0,0.0,6.0,26.0,0.0
kingen,18.0,0.0,2.0,11.0,297.0,8.0,7.3,13679.0,338.0,18.3,45.0,16.0,10.0,15.0,12.0,1.11,0.4,0.37,0.25,12.6,11320.0,633.0,10687.0,0.0,280.0,16.2,0.27,73.3,0.0,0.0,0.0,0.0,0.0,-1602.0,-27.0,-992.0,-1.0,0.0,2178.0,2178.0,15279.0,548.0,50667.0,0.0,34.0,599.0,31548.0,96.0,17.0,38.0,3.77
kingen,18.0,0.0,1.0,2.0,327.0,23.0,7.6,14737.0,344.0,20.0,39.0,13.0,8.0,9.0,8.0,0.91,0.3,0.21,0.19,11.2,18664.0,1819.0,15869.0,976.0,436.0,26.9,0.05,25.0,0.0,0.0,0.0,0.0,0.0,-144.0,0.0,-138.0,0.0,0.0,4479.0,4479.0,5376.0,0.0,21429.0,0.0,5.0,117.0,25088.0,0.0,11.0,29.0,0.0
kingen,18.0,4.0,2.0,5.0,306.0,28.0,8.7,14717.0,417.0,21.8,38.0,13.0,11.0,8.0,8.0,1.08,0.37,0.23,0.31,13.3,17477.0,2379.0,10584.0,4514.0,496.0,20.6,0.26,52.9,0.0,0.0,1.0,0.0,0.0,-1183.0,-17.0,-786.0,-1.0,0.0,8344.0,8344.0,3492.0,0.0,24977.0,0.0,4.0,59.0,23709.0,84.0,10.0,32.0,3.77
kingen,16.0,3.0,1.0,5.0,284.0,20.0,8.7,14717.0,449.0,24.3,45.0,20.0,7.0,8.0,8.0,1.37,0.61,0.24,0.21,17.0,28737.0,24017.0,2916.0,1804.0,877.0,35.1,0.24,80.0,0.0,0.0,0.0,0.0,0.0,-438.0,-12.0,-506.0,0.0,0.0,9743.0,9743.0,1296.0,0.0,8275.0,0.0,6.0,165.0,10723.0,27.0,9.0,28.0,3.77
kingen,18.0,3.0,2.0,4.0,392.0,20.0,8.5,18498.0,400.0,23.1,52.0,12.0,18.0,9.0,9.0,1.12,0.26,0.19,0.39,14.3,35480.0,4444.0,22545.0,8491.0,766.0,26.2,0.15,53.8,0.0,0.0,0.0,0.0,0.0,149.0,1.0,114.0,0.0,0.0,8805.0,8805.0,9936.0,0.0,33810.0,0.0,9.0,108.0,41625.0,102.0,13.0,36.0,0.0
kingen,18.0,3.0,4.0,3.0,347.0,51.0,7.4,17519.0,372.0,20.0,72.0,24.0,12.0,8.0,8.0,1.53,0.51,0.17,0.25,16.8,35265.0,31961.0,3304.0,0.0,748.0,25.2,0.13,33.3,0.0,1.0,0.0,0.0,0.0,-1897.0,-19.0,-1744.0,-1.0,0.0,9791.0,9791.0,690.0,0.0,15546.0,0.0,9.0,144.0,20895.0,141.0,8.0,35.0,3.77
kingen,18.0,5.0,1.0,5.0,298.0,28.0,7.9,15678.0,418.0,20.9,58.0,18.0,8.0,8.0,6.0,1.54,0.48,0.21,0.21,17.5,18433.0,14902.0,3531.0,0.0,491.0,21.4,0.27,52.6,2.0,0.0,0.0,0.0,0.0,377.0,14.0,49.0,0.0,0.0,4241.0,4241.0,3251.0,0.0,11832.0,0.0,1.0,57.0,17542.0,38.0,12.0,33.0,3.77
kingen,15.0,2.0,1.0,7.0,203.0,32.0,7.6,11363.0,428.0,21.3,33.0,8.0,8.0,6.0,5.0,1.24,0.3,0.23,0.3,17.3,18948.0,16910.0,2038.0,0.0,713.0,32.6,0.34,64.3,0.0,0.0,0.0,0.0,0.0,2216.0,20.0,891.0,1.0,0.0,5238.0,5238.0,2127.0,0.0,8484.0,0.0,5.0,88.0,10966.0,46.0,6.0,28.0,3.77
kingen,18.0,7.0,0.0,5.0,358.0,37.0,9.1,19456.0,494.0,26.4,46.0,18.0,5.0,5.0,5.0,1.17,0.46,0.13,0.13,11.9,27203.0,21685.0,3299.0,2219.0,691.0,34.9,0.3,85.7,0.0,0.0,0.0,0.0,0.0,617.0,18.0,264.0,0.0,0.0,6219.0,6219.0,9153.0,0.0,16193.0,0.0,7.0,339.0,21321.0,0.0,6.0,26.0,3.77
kingen,18.0,1.0,4.0,10.0,256.0,28.0,5.3,13794.0,287.0,16.5,37.0,14.0,10.0,11.0,10.0,0.77,0.29,0.23,0.21,8.1,23501.0,2704.0,18040.0,2757.0,489.0,18.2,0.23,68.8,0.0,0.0,0.0,0.0,0.0,-2535.0,-58.0,-2305.0,-2.0,0.0,1058.0,1058.0,26920.0,0.0,62096.0,0.0,56.0,653.0,51096.0,132.0,14.0,38.0,3.77
kingen,18.0,0.0,2.0,7.0,312.0,33.0,7.6,14282.0,347.0,20.5,56.0,14.0,16.0,10.0,10.0,1.36,0.34,0.24,0.39,15.3,10543.0,9035.0,1508.0,0.0,256.0,23.3,0.17,87.5,0.0,0.0,0.0,0.0,0.0,-531.0,-8.0,-276.0,-1.0,0.0,8289.0,8289.0,5984.0,0.0,32056.0,0.0,27.0,561.0,34334.0,53.0,12.0,29.0,3.77
kingen,14.0,2.0,3.0,0.0,211.0,10.0,7.4,9060.0,316.0,20.9,30.0,8.0,7.0,5.0,5.0,1.05,0.28,0.17,0.24,13.3,8922.0,5527.0,728.0,2667.0,311.0,19.2,0.07,25.0,0.0,0.0,0.0,0.0,0.0,-572.0,-13.0,-86.0,0.0,0.0,2198.0,2198.0,3358.0,0.0,15476.0,0.0,6.0,150.0,18827.0,79.0,6.0,21.0,0.0
kingen,14.0,4.0,3.0,2.0,235.0,16.0,8.4,10726.0,384.0,22.9,31.0,11.0,10.0,7.0,7.0,1.11,0.39,0.25,0.36,14.5,8874.0,1688.0,4557.0,2629.0,318.0,19.0,0.21,66.7,0.0,1.0,0.0,0.0,0.0,791.0,21.0,384.0,1.0,0.0,0.0,0.0,1619.0,0.0,15443.0,0.0,4.0,37.0,14476.0,78.0,9.0,25.0,0.0
kingen,14.0,0.0,5.0,3.0,213.0,6.0,8.2,8619.0,332.0,21.5,16.0,8.0,2.0,3.0,3.0,0.62,0.31,0.12,0.08,9.9,9627.0,1910.0,4618.0,3099.0,371.0,20.6,0.12,33.3,0.0,0.0,0.0,0.0,0.0,-2873.0,-56.0,-2243.0,-2.0,0.0,0.0,0.0,1996.0,0.0,16305.0,0.0,3.0,54.0,24336.0,126.0,5.0,22.0,0.0
kingen,13.0,0.0,5.0,1.0,176.0,0.0,5.9,8211.0,277.0,18.2,27.0,15.0,4.0,5.0,5.0,0.91,0.51,0.17,0.14,14.4,15388.0,2763.0,12567.0,58.0,520.0,28.8,0.03,50.0,0.0,0.0,0.0,0.0,0.0,-237.0,-8.0,-136.0,0.0,0.0,2643.0,2643.0,8910.0,0.0,26902.0,0.0,39.0,316.0,24647.0,158.0,7.0,21.0,0.0
kingen,18.0,1.0,2.0,5.0,381.0,46.0,11.0,14623.0,424.0,24.1,47.0,16.0,11.0,9.0,9.0,1.36,0.46,0.26,0.32,17.9,26605.0,24956.0,1649.0,0.0,772.0,39.8,0.17,85.7,0.0,0.0,0.0,0.0,0.0,-716.0,-10.0,236.0,0.0,0.0,907.0,907.0,2648.0,0.0,23629.0,0.0,19.0,209.0,16929.0,51.0,10.0,29.0,0.0
kingen,17.0,0.0,5.0,1.0,315.0,45.0,8.6,13189.0,361.0,20.7,35.0,11.0,5.0,9.0,6.0,0.96,0.3,0.25,0.14,11.5,18482.0,17730.0,752.0,0.0,505.0,36.9,0.03,20.0,0.0,0.0,0.0,0.0,0.0,-202.0,-8.0,-715.0,-1.0,0.0,3981.0,3981.0,1951.0,0.0,23601.0,0.0,19.0,357.0,17362.0,163.0,9.0,26.0,0.0
